INSERT INTO `Equipa` (`idEquipa`) VALUES
(1);
-- -----------------------------------------------------
-- 1. Participantes
-- -----------------------------------------------------
INSERT INTO `Participante` (`idParticipante`, `Nome`, `Telemóvel`, `Email`, `DataNascimento`, `Morada`) VALUES
(1, 'Diogo Correia Ferreira', '912725120', 'diogo.ferreira1@email.pt', '1998-09-08', 'Urbanização do Comércio, nº 1161, Matosinhos'),
(2, 'Samuel Martins Castro Carvalho', '922195649', 'samuel.castro2@email.pt', '1988-04-19', 'Estrada Infante D. Henrique, nº 1038, Guimarães'),
(3, 'Filipa Cunha Martins', '937133229', 'filipa.martins3@email.pt', '1989-03-24', 'Urbanização da República, nº 159, Faro'),
(4, 'Miguel Fernandes Coelho', '926400163', 'miguel.coelho4@email.pt', '2005-04-16', 'Travessa do Comércio, nº 408, Barcelos'),
(5, 'Vasco Borges Rodrigues', '963842266', 'vasco.rodrigues5@email.pt', '1975-02-13', 'Avenida do Sol, nº 1215, Braga'),
(6, 'Jorge Melo Oliveira Cunha', '939532204', 'jorge.oliveira6@email.pt', '1981-06-09', 'Rua de Baixo, nº 489, Vila Real'),
(7, 'Erica Guerra Castro Ribeiro', '939309539', 'erica.castro7@email.pt', '1972-07-03', 'Travessa da Liberdade, nº 1209, Funchal'),
(8, 'Rui Fonseca Borges', '923683154', 'rui.borges8@email.pt', '1985-05-20', 'Largo das Flores, nº 593, Albufeira'),
(9, 'Guilherme Almeida Amaral', '918171842', 'guilherme.amaral9@email.pt', '2000-12-18', 'Largo do Ouro, nº 636, Viseu'),
(10, 'Guilherme Tavares Castro', '915173289', 'guilherme.castro10@email.pt', '1995-03-26', 'Alameda Nova, nº 355, Albufeira'),
(11, 'Letícia Lopes Gomes', '932418792', 'letícia.gomes11@email.pt', '2008-03-11', 'Alameda Vasco da Gama, nº 512, Braga'),
(12, 'André Silva Paiva', '919927357', 'andré.paiva12@email.pt', '1958-09-14', 'Caminho Sá Carneiro, nº 882, Caldas da Rainha'),
(13, 'Hugo Bastos Figueiredo', '913883945', 'hugo.figueiredo13@email.pt', '1975-04-04', 'Avenida do Alecrim, nº 972, Portimão'),
(14, 'Eduardo Oliveira Castro', '912761145', 'eduardo.castro14@email.pt', '1989-12-14', 'Alameda dos Combatentes, nº 1106, Sintra'),
(15, 'Gabriel Sousa Costa', '923325678', 'gabriel.costa15@email.pt', '2008-01-01', 'Alameda Principal, nº 846, Albufeira'),
(16, 'Leonor Cabral Ferreira', '938601433', 'leonor.ferreira16@email.pt', '1996-09-29', 'Estrada da Igreja, nº 125, Bragança'),
(17, 'Joana Ribeiro Silva', '967336739', 'joana.silva17@email.pt', '1970-03-18', 'Avenida da Alegria, nº 1478, Porto'),
(18, 'Eduardo Pinto Moreira', '962421685', 'eduardo.moreira18@email.pt', '1989-09-16', 'Rua Principal, nº 972, Guimarães'),
(19, 'Isabel Correia Guerra', '915890206', 'isabel.guerra19@email.pt', '2001-03-07', 'Alameda do Comércio, nº 358, Sintra'),
(20, 'Filipa Guerra Braga', '936353414', 'filipa.braga20@email.pt', '1978-02-03', 'Rua Infante D. Henrique, nº 910, Guimarães'),
(21, 'Vasco Correia Jesus', '922324913', 'vasco.jesus21@email.pt', '1963-03-30', 'Largo do Comércio, nº 631, Évora'),
(22, 'João Silva Braga', '938124837', 'joão.braga22@email.pt', '1979-09-06', 'Largo do Sol, nº 205, Porto'),
(23, 'Jorge Guerra Silva Moreira', '931309628', 'jorge.silva23@email.pt', '2007-08-05', 'Avenida Nova, nº 126, Albufeira'),
(24, 'Alexandre Fernandes Neves Ribeiro', '969484189', 'alexandre.neves24@email.pt', '1998-07-24', 'Urbanização Principal, nº 199, Lisboa'),
(25, 'Laura Marques Figueiredo', '963418534', 'laura.figueiredo25@email.pt', '1999-03-08', 'Praceta dos Combatentes, nº 1434, Setúbal'),
(26, 'Matilde Correia Ferreira', '913169216', 'matilde.ferreira26@email.pt', '1977-08-28', 'Avenida dos Combatentes, nº 470, Faro'),
(27, 'Pedro Gomes Sousa', '968669310', 'pedro.sousa27@email.pt', '1995-09-17', 'Beco da Igreja, nº 209, Portimão'),
(28, 'Teresa Fernandes Sousa', '963306996', 'teresa.sousa28@email.pt', '1964-06-23', 'Urbanização da Alegria, nº 1397, Bragança'),
(29, 'Matilde Silva Figueiredo', '962688477', 'matilde.figueiredo29@email.pt', '1956-06-14', 'Largo de Baixo, nº 356, Caldas da Rainha'),
(30, 'Jorge Moreira Teixeira', '968411132', 'jorge.teixeira30@email.pt', '1984-07-19', 'Alameda Infante D. Henrique, nº 1354, Guimarães'),
(31, 'Samuel Moniz Ribeiro', '932961757', 'samuel.ribeiro31@email.pt', '2006-01-28', 'Avenida da Igreja, nº 1019, Matosinhos'),
(32, 'Francisco Almeida Tavares', '923636226', 'francisco.tavares32@email.pt', '1977-03-27', 'Alameda do Ouro, nº 639, Viseu'),
(33, 'Tiago Pereira Azevedo Pinto', '936104354', 'tiago.azevedo33@email.pt', '1956-07-17', 'Caminho do Alecrim, nº 316, Santarém'),
(34, 'Margarida Fernandes Coelho Neves', '922700767', 'margarida.coelho34@email.pt', '1983-04-01', 'Urbanização dos Aliados, nº 1386, Barcelos'),
(35, 'Ricardo Bastos Lopes', '919617318', 'ricardo.lopes35@email.pt', '1972-04-16', 'Urbanização Sá Carneiro, nº 1042, Cascais'),
(36, 'Bruno Almeida Barbosa', '931718549', 'bruno.barbosa36@email.pt', '2003-06-15', 'Alameda da Paz, nº 44, Albufeira'),
(37, 'Helena Pereira Tavares', '934453448', 'helena.tavares37@email.pt', '1983-09-18', 'Estrada 25 de Abril, nº 518, Évora'),
(38, 'Alice Gonçalves Barbosa', '929280628', 'alice.barbosa38@email.pt', '1962-06-15', 'Largo da Liberdade, nº 666, Portimão'),
(39, 'Bárbara Sousa Tavares', '962413567', 'bárbara.tavares39@email.pt', '1964-07-24', 'Alameda da Liberdade, nº 200, Porto'),
(40, 'Tomás Almeida Costa Ribeiro', '938139812', 'tomás.costa40@email.pt', '1983-06-30', 'Praceta Luís de Camões, nº 54, Angra do Heroísmo'),
(41, 'Samuel Pinto Guerra Oliveira', '938303998', 'samuel.guerra41@email.pt', '2005-11-25', 'Rua Vasco da Gama, nº 778, Vila Real'),
(42, 'Clara Santos Correia', '924512758', 'clara.correia42@email.pt', '1969-05-15', 'Largo Sá Carneiro, nº 1036, Maia'),
(43, 'João Amaral Moniz', '918421206', 'joão.moniz43@email.pt', '1992-02-05', 'Urbanização Infante D. Henrique, nº 452, Funchal'),
(44, 'Bárbara Silva Teixeira', '931719064', 'bárbara.teixeira44@email.pt', '1987-05-08', 'Rua dos Combatentes, nº 615, Maia'),
(45, 'Gabriel Mendes Gomes', '939952489', 'gabriel.gomes45@email.pt', '1981-11-09', 'Urbanização dos Combatentes, nº 1418, Sintra'),
(46, 'Eduardo Freitas Teixeira Costa', '912152364', 'eduardo.teixeira46@email.pt', '2005-11-12', 'Urbanização dos Combatentes, nº 708, Bragança'),
(47, 'Laura Coelho Fonseca', '934672403', 'laura.fonseca47@email.pt', '1978-10-16', 'Avenida de Cima, nº 770, Aveiro'),
(48, 'Gonçalo Mendes Paiva', '929093023', 'gonçalo.paiva48@email.pt', '2006-07-01', 'Alameda da República, nº 459, Coimbra'),
(49, 'Rita Barbosa Fonseca Lopes', '915703526', 'rita.fonseca49@email.pt', '1959-01-12', 'Avenida Luís de Camões, nº 821, Funchal'),
(50, 'David Amaral Almeida', '965522423', 'david.almeida50@email.pt', '1984-11-03', 'Largo dos Combatentes, nº 137, Coimbra'),
(51, 'Miguel Ferreira Fonseca Amaral', '918714402', 'miguel.fonseca51@email.pt', '1989-05-10', 'Alameda Sá Carneiro, nº 754, Vila Real'),
(52, 'Carolina Sousa Cunha Melo', '934866114', 'carolina.cunha52@email.pt', '1963-05-21', 'Travessa da Boavista, nº 910, Faro'),
(53, 'Francisco Cardoso Sousa', '914608228', 'francisco.sousa53@email.pt', '1967-10-30', 'Caminho Principal, nº 1142, Bragança'),
(54, 'Matilde Tavares Azevedo', '925315265', 'matilde.azevedo54@email.pt', '1990-07-20', 'Largo do Alecrim, nº 277, Lisboa'),
(55, 'Laura Pereira Braga', '935363987', 'laura.braga55@email.pt', '1964-01-04', 'Rua de Santa Catarina, nº 133, Maia'),
(56, 'Ricardo Gomes Rodrigues', '936348071', 'ricardo.rodrigues56@email.pt', '1979-03-06', 'Rua do Ouro, nº 448, Porto'),
(57, 'Filipa Jesus Lopes', '925856629', 'filipa.lopes57@email.pt', '1969-12-23', 'Praceta de Cima, nº 267, Funchal'),
(58, 'Rui Melo Pinto', '914662750', 'rui.pinto58@email.pt', '1959-08-01', 'Largo Principal, nº 199, Albufeira'),
(59, 'Isabel Gaspar Cabral', '923636168', 'isabel.cabral59@email.pt', '1980-04-19', 'Largo das Flores, nº 518, Guimarães'),
(60, 'Daniel Mendes Cabral Fernandes', '964223040', 'daniel.cabral60@email.pt', '1979-12-12', 'Caminho do Comércio, nº 1441, Funchal'),
(61, 'André Tavares Freitas', '969865349', 'andré.freitas61@email.pt', '1984-01-02', 'Beco do Sol, nº 56, Setúbal'),
(62, 'Ana Almeida Moniz Silva', '963248969', 'ana.moniz62@email.pt', '1978-05-20', 'Travessa do Sol, nº 31, Sintra'),
(63, 'Carolina Lopes Teixeira', '911511618', 'carolina.teixeira63@email.pt', '1973-11-20', 'Avenida Vasco da Gama, nº 455, Évora'),
(64, 'Joana Amaral Neves Jesus', '917307849', 'joana.neves64@email.pt', '1992-10-30', 'Caminho 25 de Abril, nº 201, Sintra'),
(65, 'Laura Barbosa Cunha', '919860641', 'laura.cunha65@email.pt', '1963-07-30', 'Caminho Sá Carneiro, nº 1176, Coimbra'),
(66, 'Gabriel Gaspar Silva', '916256002', 'gabriel.silva66@email.pt', '1990-09-02', 'Rua da Boavista, nº 484, Bragança'),
(67, 'Francisco Ribeiro Machado', '937104162', 'francisco.machado67@email.pt', '1972-12-09', 'Caminho 25 de Abril, nº 1008, Leiria'),
(68, 'Inês Teixeira Guerra', '967133653', 'inês.guerra68@email.pt', '1978-03-16', 'Urbanização da Liberdade, nº 1371, Bragança'),
(69, 'Eduardo Borges Sousa', '928295577', 'eduardo.sousa69@email.pt', '1992-03-28', 'Avenida de Cima, nº 15, Braga'),
(70, 'Inês Paiva Moniz', '912813273', 'inês.moniz70@email.pt', '2003-07-02', 'Rua Infante D. Henrique, nº 1354, Funchal'),
(71, 'Miguel Almeida Jesus', '928189640', 'miguel.jesus71@email.pt', '1960-03-27', 'Urbanização do Ouro, nº 872, Leiria'),
(72, 'Teresa Martins Azevedo', '917650629', 'teresa.azevedo72@email.pt', '2006-01-21', 'Largo da Igreja, nº 625, Barcelos'),
(73, 'Joana Moniz Cardoso', '966341196', 'joana.cardoso73@email.pt', '1988-09-03', 'Caminho 25 de Abril, nº 420, Aveiro'),
(74, 'Clara Carvalho Cabral', '923197357', 'clara.cabral74@email.pt', '1996-10-24', 'Urbanização 25 de Abril, nº 633, Caldas da Rainha'),
(75, 'Miguel Gonçalves Teixeira', '962519325', 'miguel.teixeira75@email.pt', '1959-06-17', 'Rua dos Aliados, nº 1141, Leiria'),
(76, 'Diana Gonçalves Almeida', '918504582', 'diana.almeida76@email.pt', '2005-01-08', 'Caminho do Castelo, nº 805, Tomar'),
(77, 'Alexandre Cunha Barbosa', '913351072', 'alexandre.barbosa77@email.pt', '1965-05-31', 'Avenida da República, nº 343, Coimbra'),
(78, 'Tomás Cunha Azevedo', '966857954', 'tomás.azevedo78@email.pt', '1997-11-30', 'Avenida do Comércio, nº 108, Maia'),
(79, 'André Moniz Gomes', '923304804', 'andré.gomes79@email.pt', '1974-12-05', 'Caminho de Baixo, nº 96, Vila Real'),
(80, 'André Jesus Carvalho Cunha', '926732037', 'andré.carvalho80@email.pt', '1983-08-31', 'Rua de Santa Catarina, nº 1182, Leiria'),
(81, 'André Azevedo Almeida', '916581070', 'andré.almeida81@email.pt', '2004-03-23', 'Alameda do Comércio, nº 408, Portimão'),
(82, 'Filipa Guerra Ferreira', '964466611', 'filipa.ferreira82@email.pt', '1981-04-07', 'Caminho do Ouro, nº 1182, Sintra'),
(83, 'Gabriel Gomes Gaspar', '934101312', 'gabriel.gaspar83@email.pt', '1995-11-01', 'Beco dos Aliados, nº 406, Albufeira'),
(84, 'Maria Almeida Coelho Martins', '917664379', 'maria.coelho84@email.pt', '1994-10-29', 'Beco 25 de Abril, nº 1115, Funchal'),
(85, 'Laura Cardoso Coelho', '916915575', 'laura.coelho85@email.pt', '1984-03-01', 'Alameda de Baixo, nº 673, Maia'),
(86, 'Inês Marques Sousa', '913884876', 'inês.sousa86@email.pt', '2003-01-13', 'Travessa dos Aliados, nº 583, Guimarães'),
(87, 'Clara Machado Paiva Gonçalves', '913072262', 'clara.paiva87@email.pt', '1987-11-28', 'Caminho de Baixo, nº 1478, Barcelos'),
(88, 'Guilherme Melo Barbosa Jesus', '961135250', 'guilherme.barbosa88@email.pt', '1960-04-11', 'Urbanização Nova, nº 92, Porto'),
(89, 'Inês Barbosa Tavares', '926384637', 'inês.tavares89@email.pt', '1984-02-23', 'Caminho dos Combatentes, nº 1285, Guimarães'),
(90, 'Isabel Rodrigues Fernandes Coelho', '912425504', 'isabel.fernandes90@email.pt', '1973-05-12', 'Largo Vasco da Gama, nº 1034, Albufeira'),
(91, 'Clara Guerra Gaspar', '964181355', 'clara.gaspar91@email.pt', '1997-03-26', 'Beco da Alegria, nº 351, Portimão'),
(92, 'Rita Martins Figueiredo', '961181148', 'rita.figueiredo92@email.pt', '2002-11-16', 'Alameda das Flores, nº 626, Vila Real'),
(93, 'Beatriz Azevedo Neves Carvalho', '964539694', 'beatriz.neves93@email.pt', '1966-03-25', 'Travessa Infante D. Henrique, nº 1034, Braga'),
(94, 'Gabriel Amaral Santos', '966660869', 'gabriel.santos94@email.pt', '1970-12-15', 'Urbanização da República, nº 694, Barcelos'),
(95, 'Vasco Jesus Marques', '935281139', 'vasco.marques95@email.pt', '1969-06-17', 'Alameda Nova, nº 1452, Funchal'),
(96, 'Carolina Carvalho Jesus', '926877660', 'carolina.jesus96@email.pt', '1999-03-14', 'Estrada dos Aliados, nº 858, Barcelos'),
(97, 'Daniel Sousa Bastos', '921414950', 'daniel.bastos97@email.pt', '1958-12-13', 'Urbanização da República, nº 1387, Portimão'),
(98, 'Eduardo Castro Marques Pereira', '967806565', 'eduardo.marques98@email.pt', '1973-12-30', 'Beco da Igreja, nº 469, Porto'),
(99, 'Samuel Tavares Teixeira', '924055024', 'samuel.teixeira99@email.pt', '1986-01-23', 'Praceta do Alecrim, nº 60, Albufeira'),
(100, 'Leonor Paiva Braga', '965823093', 'leonor.braga100@email.pt', '1957-05-24', 'Caminho da Paz, nº 522, Angra do Heroísmo'),
(101, 'Pedro Carvalho Marques', '914820505', 'pedro.marques101@email.pt', '1957-09-26', 'Largo 25 de Abril, nº 848, Albufeira'),
(102, 'Maria Ribeiro Mendes', '965920310', 'maria.mendes102@email.pt', '1964-02-20', 'Beco do Comércio, nº 1054, Funchal'),
(103, 'Ricardo Fernandes Cunha', '912571637', 'ricardo.cunha103@email.pt', '1994-10-23', 'Largo da Alegria, nº 690, Tomar'),
(104, 'Bruno Martins Neves Santos', '929451598', 'bruno.neves104@email.pt', '1975-01-14', 'Caminho Luís de Camões, nº 849, Maia'),
(105, 'Bárbara Figueiredo Martins', '922576442', 'bárbara.martins105@email.pt', '2007-03-02', 'Caminho da Liberdade, nº 491, Lisboa'),
(106, 'André Borges Melo', '925890723', 'andré.melo106@email.pt', '1979-04-30', 'Alameda de Cima, nº 1085, Bragança'),
(107, 'Rita Paiva Barbosa', '939854504', 'rita.barbosa107@email.pt', '1979-12-31', 'Estrada de Santa Catarina, nº 214, Viana do Castelo'),
(108, 'Erica Gomes Cabral', '916822123', 'erica.cabral108@email.pt', '1973-03-16', 'Estrada de Santa Catarina, nº 539, Setúbal'),
(109, 'Letícia Pinto Santos', '936308121', 'letícia.santos109@email.pt', '1969-11-05', 'Estrada da República, nº 865, Portimão'),
(110, 'Maria Santos Neves', '919210017', 'maria.neves110@email.pt', '1990-03-23', 'Rua Nova, nº 892, Barcelos'),
(111, 'João Correia Gonçalves Coelho', '928360690', 'joão.gonçalves111@email.pt', '1966-08-31', 'Rua do Alecrim, nº 1123, Faro'),
(112, 'Daniel Tavares Silva', '928721608', 'daniel.silva112@email.pt', '1958-07-23', 'Largo de Santa Catarina, nº 1283, Matosinhos'),
(113, 'Samuel Rodrigues Machado', '912703476', 'samuel.machado113@email.pt', '2007-10-03', 'Estrada do Sol, nº 194, Santarém'),
(114, 'Laura Oliveira Fernandes', '961280489', 'laura.fernandes114@email.pt', '1967-08-28', 'Avenida de Cima, nº 196, Matosinhos'),
(115, 'Joana Coelho Rodrigues Neves', '923504720', 'joana.rodrigues115@email.pt', '1963-09-12', 'Rua das Flores, nº 712, Aveiro'),
(116, 'João Ribeiro Almeida', '919960442', 'joão.almeida116@email.pt', '1963-05-11', 'Largo Principal, nº 196, Lisboa'),
(117, 'Gabriel Sousa Machado', '921590383', 'gabriel.machado117@email.pt', '1983-05-06', 'Alameda Principal, nº 63, Bragança'),
(118, 'João Azevedo Freitas', '931802787', 'joão.freitas118@email.pt', '1986-06-11', 'Beco 25 de Abril, nº 12, Matosinhos'),
(119, 'Rita Correia Mendes Costa', '924395368', 'rita.mendes119@email.pt', '1994-08-09', 'Avenida do Comércio, nº 920, Funchal'),
(120, 'Letícia Neves Tavares', '936962329', 'letícia.tavares120@email.pt', '1999-07-24', 'Alameda do Comércio, nº 1316, Évora'),
(121, 'Carolina Cabral Gomes', '919856990', 'carolina.gomes121@email.pt', '1979-02-23', 'Rua 25 de Abril, nº 1242, Funchal'),
(122, 'Margarida Almeida Tavares Neves', '919351371', 'margarida.tavares122@email.pt', '1970-03-27', 'Travessa Sá Carneiro, nº 81, Bragança'),
(123, 'Inês Jesus Neves', '935543421', 'inês.neves123@email.pt', '1998-10-29', 'Urbanização dos Aliados, nº 193, Coimbra'),
(124, 'Miguel Ribeiro Marques', '915218511', 'miguel.marques124@email.pt', '1974-10-17', 'Largo Sá Carneiro, nº 1470, Tomar'),
(125, 'Miguel Teixeira Sousa', '923939286', 'miguel.sousa125@email.pt', '1964-11-21', 'Beco das Flores, nº 993, Braga'),
(126, 'Joana Castro Sousa Borges', '917182108', 'joana.sousa126@email.pt', '2001-05-14', 'Travessa do Sol, nº 404, Funchal'),
(127, 'Daniel Teixeira Cardoso', '931726702', 'daniel.cardoso127@email.pt', '1969-10-20', 'Rua da Igreja, nº 1122, Évora'),
(128, 'Isabel Oliveira Figueiredo', '924845174', 'isabel.figueiredo128@email.pt', '2006-06-26', 'Caminho de Santa Catarina, nº 55, Cascais'),
(129, 'Matilde Fernandes Mendes', '923481651', 'matilde.mendes129@email.pt', '1974-12-08', 'Urbanização da Igreja, nº 662, Aveiro'),
(130, 'Diana Lopes Machado Martins', '939433909', 'diana.machado130@email.pt', '1977-12-31', 'Travessa Principal, nº 280, Santarém'),
(131, 'Diogo Oliveira Correia', '969080351', 'diogo.correia131@email.pt', '1993-08-14', 'Rua Vasco da Gama, nº 425, Funchal'),
(132, 'Erica Oliveira Freitas', '912983830', 'erica.freitas132@email.pt', '1997-02-16', 'Travessa da Alegria, nº 124, Portimão'),
(133, 'Ana Pinto Gaspar', '913127503', 'ana.gaspar133@email.pt', '1981-11-18', 'Avenida da Paz, nº 763, Sintra'),
(134, 'Sofia Teixeira Neves', '961546446', 'sofia.neves134@email.pt', '1983-10-05', 'Caminho de Cima, nº 1250, Portimão'),
(135, 'David Jesus Gomes', '918163383', 'david.gomes135@email.pt', '1977-04-11', 'Avenida da Igreja, nº 862, Braga'),
(136, 'Pedro Teixeira Braga', '936139157', 'pedro.braga136@email.pt', '1979-07-04', 'Urbanização do Ouro, nº 953, Lisboa'),
(137, 'Diogo Gonçalves Ribeiro Lopes', '929527073', 'diogo.ribeiro137@email.pt', '1979-04-08', 'Beco de Santa Catarina, nº 134, Faro'),
(138, 'Nuno Cardoso Ribeiro', '968237291', 'nuno.ribeiro138@email.pt', '1971-02-04', 'Caminho de Baixo, nº 911, Barcelos'),
(139, 'Ana Barbosa Carvalho Martins', '926248009', 'ana.carvalho139@email.pt', '1993-09-27', 'Estrada da Igreja, nº 160, Setúbal'),
(140, 'Diogo Tavares Amaral Gomes', '924648649', 'diogo.amaral140@email.pt', '1965-04-18', 'Largo do Sol, nº 92, Braga'),
(141, 'Tomás Guerra Barbosa', '915441869', 'tomás.barbosa141@email.pt', '1981-12-13', 'Rua da República, nº 491, Coimbra'),
(142, 'Helena Costa Ribeiro', '916042746', 'helena.ribeiro142@email.pt', '1977-08-08', 'Praceta do Sol, nº 694, Leiria'),
(143, 'André Ribeiro Castro Fonseca', '925012428', 'andré.castro143@email.pt', '1979-06-29', 'Beco de Cima, nº 2, Matosinhos'),
(144, 'João Amaral Neves', '936201868', 'joão.neves144@email.pt', '1964-06-03', 'Beco da Paz, nº 587, Braga'),
(145, 'Daniel Castro Ferreira', '925567749', 'daniel.ferreira145@email.pt', '1975-03-04', 'Travessa do Sol, nº 454, Porto'),
(146, 'Diana Coelho Jesus', '916586547', 'diana.jesus146@email.pt', '1990-08-17', 'Rua da Paz, nº 197, Leiria'),
(147, 'Guilherme Castro Oliveira', '963866342', 'guilherme.oliveira147@email.pt', '1979-09-07', 'Largo da Alegria, nº 482, Cascais'),
(148, 'Pedro Gonçalves Silva Castro', '934926935', 'pedro.silva148@email.pt', '1957-01-31', 'Largo das Flores, nº 356, Vila Real'),
(149, 'Ricardo Marques Gomes', '918481073', 'ricardo.gomes149@email.pt', '1957-02-24', 'Avenida Infante D. Henrique, nº 1220, Caldas da Rainha'),
(150, 'Inês Barbosa Martins', '922226967', 'inês.martins150@email.pt', '1975-04-13', 'Travessa Sá Carneiro, nº 796, Albufeira')

-- -----------------------------------------------------
-- 2. Eventos
-- -----------------------------------------------------
INSERT INTO `Evento` (`idEvento`, `Nome`, `Local`, `Inicio`, `Fim`) VALUES
(1, 'Hyrox Lisboa 2026', 'FIL - Feira Internacional de Lisboa', '2026-05-10', '2026-05-11'),
(2, 'Hyrox Porto 2026', 'Exponor', '2026-10-24', '2026-10-25');

-- -----------------------------------------------------
-- 3. Provas (As estações fixas)
-- -----------------------------------------------------
INSERT INTO `Prova` (`idProva`, `Nome`, `OrdemProva`, `Métrica`) VALUES
(1, 'Corrida1', 1, '1000 Metros'),
(2, 'SkiErg', 2, '1000 Metros'),
(3, 'Corrida2', 3, '1000 Metros'),
(4, 'Sled Push', 4, '50 Metros'),
(5, 'Corrida3', 5, '1000 Metros'),
(6, 'Sled Pull', 6, '50 Metros'),
(7, 'Corrida4', 7, '1000 Metros'),
(8, 'Burpee Broad Jumps', 8, '80 Metros'),
(9, 'Corrida5', 9, '1000 Metros'),
(10, 'Rowing', 10, '1000 Metros'),
(11, 'Corrida6', 11, '1000 Metros'),
(12, 'Farmers Carry', 12, '200 Metros'),
(13, 'Corrida7', 13, '1000 Metros'),
(14, 'Sandbag Lunges', 14, '100 Metros'),
(15, 'Corrida8', 15, '1000 Metros'),
(16, 'Wall Balls', 16, '75/100 Repetições');

-- -----------------------------------------------------
-- 4. Equipamento (Pulseiras)
-- -----------------------------------------------------
INSERT INTO `Pulseira` (`idPulseira`, `Estado`) VALUES
(101, 'Ativa'),
(102, 'Ativa'),
(103, 'Ativa'),
(104, 'Ativa'),
(105, 'Ativa'),
(106, 'Ativa'),
(107, 'Ativa'),
(108, 'Avariada'),
(109, 'Ativa'),
(110, 'Ativa'),
(111, 'Ativa'),
(112, 'Ativa'),
(113, 'Ativa'),
(114, 'Ativa'),
(115, 'Ativa'),
(116, 'Ativa'),
(117, 'Ativa'),
(118, 'Ativa'),
(119, 'Ativa'),
(120, 'Avariada'),
(121, 'Ativa'),
(122, 'Ativa'),
(123, 'Ativa'),
(124, 'Ativa'),
(125, 'Avariada'),
(126, 'Avariada'),
(127, 'Ativa'),
(128, 'Avariada'),
(129, 'Ativa'),
(130, 'Ativa'),
(131, 'Ativa'),
(132, 'Ativa'),
(133, 'Ativa'),
(134, 'Ativa'),
(135, 'Ativa'),
(136, 'Avariada'),
(137, 'Ativa'),
(138, 'Ativa'),
(139, 'Ativa'),
(140, 'Ativa'),
(141, 'Avariada'),
(142, 'Ativa'),
(143, 'Ativa'),
(144, 'Ativa'),
(145, 'Ativa'),
(146, 'Ativa'),
(147, 'Avariada'),
(148, 'Avariada'),
(149, 'Ativa'),
(150, 'Ativa'),
(151, 'Ativa'),
(152, 'Ativa'),
(153, 'Ativa'),
(154, 'Ativa'),
(155, 'Ativa'),
(156, 'Ativa'),
(157, 'Ativa'),
(158, 'Ativa'),
(159, 'Ativa'),
(160, 'Ativa'),
(161, 'Ativa'),
(162, 'Ativa'),
(163, 'Ativa'),
(164, 'Ativa'),
(165, 'Ativa'),
(166, 'Ativa'),
(167, 'Ativa'),
(168, 'Ativa'),
(169, 'Ativa'),
(170, 'Ativa'),
(171, 'Ativa'),
(172, 'Ativa'),
(173, 'Avariada'),
(174, 'Ativa'),
(175, 'Ativa'),
(176, 'Ativa'),
(177, 'Avariada'),
(178, 'Ativa'),
(179, 'Ativa'),
(180, 'Ativa'),
(181, 'Ativa'),
(182, 'Ativa'),
(183, 'Ativa'),
(184, 'Ativa'),
(185, 'Ativa'),
(186, 'Ativa'),
(187, 'Ativa'),
(188, 'Ativa'),
(189, 'Ativa'),
(190, 'Ativa'),
(191, 'Ativa'),
(192, 'Ativa'),
(193, 'Ativa'),
(194, 'Avariada'),
(195, 'Avariada'),
(196, 'Ativa'),
(197, 'Ativa'),
(198, 'Ativa'),
(199, 'Ativa'),
(200, 'Ativa'),
(201, 'Ativa'),
(202, 'Ativa'),
(203, 'Ativa'),
(204, 'Ativa'),
(205, 'Avariada'),
(206, 'Ativa'),
(207, 'Ativa'),
(208, 'Ativa'),
(209, 'Ativa'),
(210, 'Ativa'),
(211, 'Ativa'),
(212, 'Ativa'),
(213, 'Ativa'),
(214, 'Ativa'),
(215, 'Ativa'),
(216, 'Avariada'),
(217, 'Ativa'),
(218, 'Avariada'),
(219, 'Ativa'),
(220, 'Ativa'),
(221, 'Ativa'),
(222, 'Ativa'),
(223, 'Ativa'),
(224, 'Ativa'),
(225, 'Ativa'),
(226, 'Ativa'),
(227, 'Ativa'),
(228, 'Ativa'),
(229, 'Ativa'),
(230, 'Ativa'),
(231, 'Avariada'),
(232, 'Ativa'),
(233, 'Ativa'),
(234, 'Avariada'),
(235, 'Ativa'),
(236, 'Ativa'),
(237, 'Avariada'),
(238, 'Ativa'),
(239, 'Ativa'),
(240, 'Ativa'),
(241, 'Ativa'),
(242, 'Ativa'),
(243, 'Ativa'),
(244, 'Avariada'),
(245, 'Ativa'),
(246, 'Ativa'),
(247, 'Ativa'),
(248, 'Ativa'),
(249, 'Ativa'),
(250, 'Ativa')
-- -----------------------------------------------------
-- 5. Staff (A Superclasse)
-- -----------------------------------------------------
INSERT INTO `Staff` (`idStaff`, `Nome`, `Telm`, `Email`, `Tipo`) VALUES
(1, 'Helena Oliveira Marques', '914346194', 'helena.marques1@hyrox.pt', 'Media'),
(2, 'Ricardo Carvalho Pinto', '924162982', 'ricardo.pinto2@hyrox.pt', 'Media'),
(3, 'Sílvia Gomes Ferreira', '961815390', 'silvia.ferreira3@hyrox.pt', 'Media'),
(4, 'Carlos Sousa Almeida', '935514107', 'carlos.almeida4@hyrox.pt', 'Media'),
(5, 'Filipe Costa Sousa', '911036588', 'filipe.sousa5@hyrox.pt', 'Media'),
(6, 'Ana Sousa Pereira', '964222969', 'ana.pereira6@hyrox.pt', 'Media'),
(7, 'Dra. Teresa Santos Pinto', '933827359', 'teresa.pinto7@hyrox.pt', 'Medico'),
(8, 'Dra. Sofia Pereira Neves', '913266608', 'sofia.neves8@hyrox.pt', 'Medico'),
(9, 'Dr. Tiago Marques Mendes', '932470123', 'tiago.mendes9@hyrox.pt', 'Medico'),
(10, 'Dra. Catarina Fernandes Santos', '925448325', 'catarina.santos10@hyrox.pt', 'Medico'),
(11, 'José Ferreira Marques', '937062438', 'jose.marques11@hyrox.pt', 'Admin'),
(12, 'Ricardo Lopes Almeida', '934866906', 'ricardo.almeida12@hyrox.pt', 'Admin'),
(13, 'Helena Mendes Silva', '923242525', 'helena.silva13@hyrox.pt', 'Admin'),
(14, 'Filipe Oliveira Ribeiro', '967717814', 'filipe.ribeiro14@hyrox.pt', 'Admin'),
(15, 'Jorge Pinto Mendes', '915734200', 'jorge.mendes15@hyrox.pt', 'JuizProva'),
(16, 'Luís Lopes Mendes', '961489449', 'luis.mendes16@hyrox.pt', 'JuizProva'),
(17, 'Ana Ribeiro Costa', '935671526', 'ana.costa17@hyrox.pt', 'JuizProva'),
(18, 'Hugo Martins Ribeiro', '917590106', 'hugo.ribeiro18@hyrox.pt', 'JuizProva'),
(19, 'Diana Pereira Teixeira', '921095679', 'diana.teixeira19@hyrox.pt', 'JuizProva'),
(20, 'Carlos Costa Santos', '918448771', 'carlos.santos20@hyrox.pt', 'JuizProva'),
(21, 'Teresa Sousa Mendes', '936850151', 'teresa.mendes21@hyrox.pt', 'JuizProva'),
(22, 'Patrícia Sousa Fernandes', '938667990', 'patricia.fernandes22@hyrox.pt', 'JuizProva'),
(23, 'Clara Silva Pinto', '962371653', 'clara.pinto23@hyrox.pt', 'JuizProva'),
(24, 'Helena Ribeiro Almeida', '939674242', 'helena.almeida24@hyrox.pt', 'JuizProva'),
(25, 'Inês Lopes Santos', '927962275', 'inês.santos25@hyrox.pt', 'JuizProva'),
(26, 'Rita Almeida Oliveira', '916011965', 'rita.oliveira26@hyrox.pt', 'JuizProva'),
(27, 'Tiago Sousa Mendes', '936417797', 'tiago.mendes27@hyrox.pt', 'JuizProva'),
(28, 'Diana Sousa Gomes', '922821761', 'diana.gomes28@hyrox.pt', 'JuizProva'),
(29, 'Sofia Fernandes Ferreira', '965540552', 'sofia.ferreira29@hyrox.pt', 'JuizProva'),
(30, 'Bruno Lopes Marques', '918148154', 'bruno.marques30@hyrox.pt', 'JuizProva')
-- -----------------------------------------------------
-- 6. Especializações do Staff
-- -----------------------------------------------------
INSERT INTO `Médico` (`numStaff`, `Cedula`) VALUES 
(7, 'OM-45123'),
(8, 'OM-88234'),
(9, 'OM-12990'),
(10, 'OM-33451');

INSERT INTO `JuizProva` (`numStaff`, `NivelCertificacao`) VALUES 
(15, '3'), -- Head Judge
(16, '2'),
(17, '1'),
(18, '1'),
(19, '2'),
(20, '1'),
(21, '3'),
(22, '1'),
(23, '2'),
(24, '1'),
(25, '2'),
(26, '1'),
(27, '3'),
(28, '1'),
(29, '2'),
(30, '1');

INSERT INTO `Media` (`numStaff`, `Orgao`, `Acesso`, `nrCarteira`) VALUES 
(1, 'Hyrox Global', 'Pista', 'CP-1001'),
(2, 'Daily Fitness', 'Pista', 'CP-1002'),
(3, 'Record News', 'Bancada', 'CP-1003'),
(4, 'Revista Atletismo', 'Pista', 'CP-1004'),
(5, 'Freelancer', 'Todo o recinto', 'CP-1005'),
(6, 'Sport TV', 'Zona de Entrevistas', 'CP-1006');

INSERT INTO `Administrativo` (`numStaff`, `Departamento`) VALUES 
(11, 'Financeiro'),
(12, 'Recursos Humanos'),
(13, 'Logística'),
(14, 'Direção');

-- -----------------------------------------------------
-- 7. Heats (Baterias)
-- -----------------------------------------------------
-- A Heat 1 pertence ao Hyrox Lisboa (Evento 1) e tem a Ana (Juiz 2) como Head Judge.
INSERT INTO `Heat` (`idHeat`, `Evento`, `HoraPartida`, `HeadJudge`) VALUES
(1, 1, '2026-05-10 10:00:00', 2),
(2, 1, '2026-05-10 10:30:00', 2);
(3, 1, '2026-05-10 11:00:00', 2);
(4, 1, '2026-05-10 11:30:00', 2);
(5, 1, '2026-05-10 12:00:00', 2);

-- -----------------------------------------------------
-- 8. Inscrições
-- -----------------------------------------------------
INSERT INTO `Inscrição` (`idInscrição`, `Participante`, `Estado`, `Categoria`, `Heat`, `Equipa`) VALUES
(1, 1, 'Confirmado', 'Doubles', 1, 1), -- João na Heat 1
(2, 2, 'Confirmado', 'Doubles', 1, 1),  -- Maria na Heat 1
(3, 3, 'Pendente', 'Open', NULL,NULL); -- Carlos ainda não pagou, logo não tem Heat

-- -----------------------------------------------------
-- 9. Entregas de Logística e Pagamentos
-- -----------------------------------------------------
-- Atribuir pulseiras ativas às inscrições confirmadas
INSERT INTO `UsoPulseira` (`Inscricao`, `Pulseira`) VALUES
(1, 101),
(2, 102),
(3, 103),
(4, 104),
(5, 105),
(6, 106),
(7, 107),
(9, 109),
(10, 110),
(11, 111),
(12, 112),
(13, 113),
(14, 114),
(15, 115),
(16, 116),
(17, 117),
(18, 118),
(19, 119),
(21, 121),
(22, 122),
(23, 123),
(24, 124),
(27, 127),
(29, 129),
(30, 130),
(31, 131),
(32, 132),
(33, 133),
(34, 134),
(35, 135),
(37, 137),
(38, 138),
(39, 139),
(40, 140),
(42, 142),
(43, 143),
(44, 144),
(45, 145),
(46, 146),
(49, 149),
(50, 150),
(51, 151),
(52, 152),
(53, 153),
(54, 154),
(55, 155),
(56, 156),
(57, 157),
(58, 158),
(59, 159),
(60, 160),
(61, 161),
(62, 162),
(63, 163),
(64, 164),
(65, 165),
(66, 166),
(67, 167),
(68, 168),
(69, 169),
(70, 170),
(71, 171),
(72, 172),
(74, 174),
(75, 175),
(76, 176),
(78, 178),
(79, 179),
(80, 180),
(81, 181),
(82, 182),
(83, 183),
(84, 184),
(85, 185),
(86, 186),
(87, 187),
(88, 188),
(89, 189),
(90, 190),
(91, 191),
(92, 192),
(93, 193),
(96, 196),
(97, 197),
(98, 198),
(99, 199),
(100, 200),
(101, 201),
(102, 202),
(103, 203),
(104, 204),
(106, 206),
(107, 207),
(108, 208),
(109, 209),
(110, 210),
(111, 211),
(112, 212),
(113, 213),
(114, 214),
(115, 215),
(117, 217),
(119, 219),
(120, 220),
(121, 221),
(122, 222),
(123, 223),
(124, 224),
(125, 225),
(126, 226),
(127, 227),
(128, 228),
(129, 229),
(130, 230),
(132, 232),
(133, 233),
(135, 235),
(136, 236),
(138, 238),
(139, 239),
(140, 240),
(141, 241),
(142, 242),
(143, 243),
(145, 245),
(146, 246),
(147, 247),
(148, 248),
(149, 249),
(150, 250);

-- Registar os pagamentos
INSERT INTO `Pagamento` (`idPagamento`, `Inscricao`, `Data`, `Montante`, `Metodo`, `Validou`) VALUES
(1, 1, '2026-03-01 14:30:00', 85.00, 'MBWay', NULL), -- Automático, sem validação humana
(2, 2, '2026-03-02 09:15:00', 105.00, 'Transferência', 2); -- Validado manualmente por um admin/staff

-- -----------------------------------------------------
-- 10. Registo de Tempos (A tabela associativa)
-- -----------------------------------------------------
-- Tempos registados em milissegundos
INSERT INTO `RegistoTempo` (`idRegistoTempo`, `Juiz`, `Inscricao`, `Prova`, `Duracao(ms)`, `Penalizacao(ms)`) VALUES
(1, 3, 1, 1, 245000, 0),      -- João no SkiErg validado pelo Rui (sem penalização)
(2, 3, 2, 1, 220000, 0),      -- Maria no SkiErg validada pelo Rui (sem penalização)
(3, 2, 1, 2, 180000, 30000),  -- João no Sled Push validado pela Ana (30s de penalização)
(4, 2, 2, 2, 165000, 0);      -- Maria no Sled Push validada pela Ana

-- -----------------------------------------------------
-- 11. Ocorrências Médicas
-- -----------------------------------------------------
INSERT INTO `OcorrenciaMedica` (`idOcorrenciaMedica`, `Participante`, `Medico`, `DataHora`, `Descricao`) VALUES
(1, 1, 1, '2026-05-10 10:45:00', 'Atleta queixou-se de cãibras severas nos gémeos após a estação Sled Pull. Aplicado gelo. Atleta recusou abandono e prosseguiu.');
(2, 146, 7, '2026-05-10 13:15:00', 'Atleta apresentou sinais de exaustão por calor e desidratação leve. Administrada solução eletrolítica e repouso de 15 min.'),
(3, 45, 7, '2026-05-10 11:00:00', 'Entorse leve no tornozelo direito durante a corrida entre estações. Realizada ligadura funcional. Atleta optou por continuar.'),
(4, 20, 8, '2026-05-10 12:15:00', 'Queixa de dor aguda na zona lombar após o Sled Push. Avaliação rápida não indicou lesão estrutural. Recomendado abrandar o ritmo.'),
(5, 132, 9, '2026-05-10 16:45:00', 'Abrasões palmares (bolhas rompidas) após Farmers Carry. Limpeza e curativo oclusivo efetuados para proteção.'),
(6, 137, 7, '2026-05-10 12:30:00', 'Atleta com tonturas e visão turva pós-estação de Burpees. Glicémia ligeiramente baixa. Administrado gel de glicose e estabilizado.');
